-- phpMyAdmin SQL Dump
-- version 5.2.1
-- https://www.phpmyadmin.net/
--
-- Host: localhost:8889
-- Generation Time: Mar 06, 2025 at 07:15 PM
-- Server version: 8.0.35
-- PHP Version: 8.2.20

SET SQL_MODE = "NO_AUTO_VALUE_ON_ZERO";
START TRANSACTION;
SET time_zone = "+00:00";


/*!40101 SET @OLD_CHARACTER_SET_CLIENT=@@CHARACTER_SET_CLIENT */;
/*!40101 SET @OLD_CHARACTER_SET_RESULTS=@@CHARACTER_SET_RESULTS */;
/*!40101 SET @OLD_COLLATION_CONNECTION=@@COLLATION_CONNECTION */;
/*!40101 SET NAMES utf8mb4 */;

--
-- Database: `abbas_test`
--

-- --------------------------------------------------------

--
-- Table structure for table `attributes`
--

CREATE TABLE `attributes` (
  `id` bigint UNSIGNED NOT NULL,
  `name` varchar(255) COLLATE utf8mb4_unicode_ci NOT NULL,
  `type` enum('text','date','number','select') COLLATE utf8mb4_unicode_ci NOT NULL,
  `created_at` timestamp NULL DEFAULT NULL,
  `updated_at` timestamp NULL DEFAULT NULL
) ENGINE=InnoDB DEFAULT CHARSET=utf8mb4 COLLATE=utf8mb4_unicode_ci;

--
-- Dumping data for table `attributes`
--

INSERT INTO `attributes` (`id`, `name`, `type`, `created_at`, `updated_at`) VALUES
(1, 'Department', 'text', '2025-03-06 14:14:08', '2025-03-06 14:14:08'),
(2, 'Start Date', 'date', '2025-03-06 14:14:08', '2025-03-06 14:14:08'),
(3, 'End Date', 'date', '2025-03-06 14:14:08', '2025-03-06 14:14:08');

-- --------------------------------------------------------

--
-- Table structure for table `attribute_values`
--

CREATE TABLE `attribute_values` (
  `id` bigint UNSIGNED NOT NULL,
  `attribute_id` bigint UNSIGNED NOT NULL,
  `project_id` bigint UNSIGNED NOT NULL,
  `value` text COLLATE utf8mb4_unicode_ci NOT NULL,
  `created_at` timestamp NULL DEFAULT NULL,
  `updated_at` timestamp NULL DEFAULT NULL
) ENGINE=InnoDB DEFAULT CHARSET=utf8mb4 COLLATE=utf8mb4_unicode_ci;

--
-- Dumping data for table `attribute_values`
--

INSERT INTO `attribute_values` (`id`, `attribute_id`, `project_id`, `value`, `created_at`, `updated_at`) VALUES
(1, 1, 1, 'IT', '2025-03-06 14:14:08', '2025-03-06 14:14:08'),
(2, 2, 1, '2025-03-01', '2025-03-06 14:14:08', '2025-03-06 14:14:08'),
(3, 3, 1, '2025-05-01', '2025-03-06 14:14:08', '2025-03-06 14:14:08');

-- --------------------------------------------------------

--
-- Table structure for table `cache`
--

CREATE TABLE `cache` (
  `key` varchar(255) COLLATE utf8mb4_unicode_ci NOT NULL,
  `value` mediumtext COLLATE utf8mb4_unicode_ci NOT NULL,
  `expiration` int NOT NULL
) ENGINE=InnoDB DEFAULT CHARSET=utf8mb4 COLLATE=utf8mb4_unicode_ci;

-- --------------------------------------------------------

--
-- Table structure for table `cache_locks`
--

CREATE TABLE `cache_locks` (
  `key` varchar(255) COLLATE utf8mb4_unicode_ci NOT NULL,
  `owner` varchar(255) COLLATE utf8mb4_unicode_ci NOT NULL,
  `expiration` int NOT NULL
) ENGINE=InnoDB DEFAULT CHARSET=utf8mb4 COLLATE=utf8mb4_unicode_ci;

-- --------------------------------------------------------

--
-- Table structure for table `failed_jobs`
--

CREATE TABLE `failed_jobs` (
  `id` bigint UNSIGNED NOT NULL,
  `uuid` varchar(255) COLLATE utf8mb4_unicode_ci NOT NULL,
  `connection` text COLLATE utf8mb4_unicode_ci NOT NULL,
  `queue` text COLLATE utf8mb4_unicode_ci NOT NULL,
  `payload` longtext COLLATE utf8mb4_unicode_ci NOT NULL,
  `exception` longtext COLLATE utf8mb4_unicode_ci NOT NULL,
  `failed_at` timestamp NOT NULL DEFAULT CURRENT_TIMESTAMP
) ENGINE=InnoDB DEFAULT CHARSET=utf8mb4 COLLATE=utf8mb4_unicode_ci;

-- --------------------------------------------------------

--
-- Table structure for table `jobs`
--

CREATE TABLE `jobs` (
  `id` bigint UNSIGNED NOT NULL,
  `queue` varchar(255) COLLATE utf8mb4_unicode_ci NOT NULL,
  `payload` longtext COLLATE utf8mb4_unicode_ci NOT NULL,
  `attempts` tinyint UNSIGNED NOT NULL,
  `reserved_at` int UNSIGNED DEFAULT NULL,
  `available_at` int UNSIGNED NOT NULL,
  `created_at` int UNSIGNED NOT NULL
) ENGINE=InnoDB DEFAULT CHARSET=utf8mb4 COLLATE=utf8mb4_unicode_ci;

-- --------------------------------------------------------

--
-- Table structure for table `job_batches`
--

CREATE TABLE `job_batches` (
  `id` varchar(255) COLLATE utf8mb4_unicode_ci NOT NULL,
  `name` varchar(255) COLLATE utf8mb4_unicode_ci NOT NULL,
  `total_jobs` int NOT NULL,
  `pending_jobs` int NOT NULL,
  `failed_jobs` int NOT NULL,
  `failed_job_ids` longtext COLLATE utf8mb4_unicode_ci NOT NULL,
  `options` mediumtext COLLATE utf8mb4_unicode_ci,
  `cancelled_at` int DEFAULT NULL,
  `created_at` int NOT NULL,
  `finished_at` int DEFAULT NULL
) ENGINE=InnoDB DEFAULT CHARSET=utf8mb4 COLLATE=utf8mb4_unicode_ci;

-- --------------------------------------------------------

--
-- Table structure for table `migrations`
--

CREATE TABLE `migrations` (
  `id` int UNSIGNED NOT NULL,
  `migration` varchar(255) COLLATE utf8mb4_unicode_ci NOT NULL,
  `batch` int NOT NULL
) ENGINE=InnoDB DEFAULT CHARSET=utf8mb4 COLLATE=utf8mb4_unicode_ci;

--
-- Dumping data for table `migrations`
--

INSERT INTO `migrations` (`id`, `migration`, `batch`) VALUES
(1, '0001_01_01_000000_create_users_table', 1),
(2, '0001_01_01_000001_create_cache_table', 1),
(3, '0001_01_01_000002_create_jobs_table', 1),
(4, '2025_03_04_112607_create_projects_table', 1),
(5, '2025_03_04_112607_create_timesheets_table', 1),
(6, '2025_03_04_113409_create_project_user_table', 1),
(7, '2025_03_04_113850_create_attributes_table', 1),
(8, '2025_03_04_113852_create_attribute_values_table', 1),
(9, '2025_03_04_114759_create_personal_access_tokens_table', 1),
(10, '2025_03_04_121238_create_oauth_auth_codes_table', 1),
(11, '2025_03_04_121239_create_oauth_access_tokens_table', 1),
(12, '2025_03_04_121240_create_oauth_refresh_tokens_table', 1),
(13, '2025_03_04_121241_create_oauth_clients_table', 1),
(14, '2025_03_04_121242_create_oauth_personal_access_clients_table', 1);

-- --------------------------------------------------------

--
-- Table structure for table `oauth_access_tokens`
--

CREATE TABLE `oauth_access_tokens` (
  `id` varchar(100) COLLATE utf8mb4_unicode_ci NOT NULL,
  `user_id` bigint UNSIGNED DEFAULT NULL,
  `client_id` bigint UNSIGNED NOT NULL,
  `name` varchar(255) COLLATE utf8mb4_unicode_ci DEFAULT NULL,
  `scopes` text COLLATE utf8mb4_unicode_ci,
  `revoked` tinyint(1) NOT NULL,
  `created_at` timestamp NULL DEFAULT NULL,
  `updated_at` timestamp NULL DEFAULT NULL,
  `expires_at` datetime DEFAULT NULL
) ENGINE=InnoDB DEFAULT CHARSET=utf8mb4 COLLATE=utf8mb4_unicode_ci;

-- --------------------------------------------------------

--
-- Table structure for table `oauth_auth_codes`
--

CREATE TABLE `oauth_auth_codes` (
  `id` varchar(100) COLLATE utf8mb4_unicode_ci NOT NULL,
  `user_id` bigint UNSIGNED NOT NULL,
  `client_id` bigint UNSIGNED NOT NULL,
  `scopes` text COLLATE utf8mb4_unicode_ci,
  `revoked` tinyint(1) NOT NULL,
  `expires_at` datetime DEFAULT NULL
) ENGINE=InnoDB DEFAULT CHARSET=utf8mb4 COLLATE=utf8mb4_unicode_ci;

-- --------------------------------------------------------

--
-- Table structure for table `oauth_clients`
--

CREATE TABLE `oauth_clients` (
  `id` bigint UNSIGNED NOT NULL,
  `user_id` bigint UNSIGNED DEFAULT NULL,
  `name` varchar(255) COLLATE utf8mb4_unicode_ci NOT NULL,
  `secret` varchar(100) COLLATE utf8mb4_unicode_ci DEFAULT NULL,
  `provider` varchar(255) COLLATE utf8mb4_unicode_ci DEFAULT NULL,
  `redirect` text COLLATE utf8mb4_unicode_ci NOT NULL,
  `personal_access_client` tinyint(1) NOT NULL,
  `password_client` tinyint(1) NOT NULL,
  `revoked` tinyint(1) NOT NULL,
  `created_at` timestamp NULL DEFAULT NULL,
  `updated_at` timestamp NULL DEFAULT NULL
) ENGINE=InnoDB DEFAULT CHARSET=utf8mb4 COLLATE=utf8mb4_unicode_ci;

-- --------------------------------------------------------

--
-- Table structure for table `oauth_personal_access_clients`
--

CREATE TABLE `oauth_personal_access_clients` (
  `id` bigint UNSIGNED NOT NULL,
  `client_id` bigint UNSIGNED NOT NULL,
  `created_at` timestamp NULL DEFAULT NULL,
  `updated_at` timestamp NULL DEFAULT NULL
) ENGINE=InnoDB DEFAULT CHARSET=utf8mb4 COLLATE=utf8mb4_unicode_ci;

-- --------------------------------------------------------

--
-- Table structure for table `oauth_refresh_tokens`
--

CREATE TABLE `oauth_refresh_tokens` (
  `id` varchar(100) COLLATE utf8mb4_unicode_ci NOT NULL,
  `access_token_id` varchar(100) COLLATE utf8mb4_unicode_ci NOT NULL,
  `revoked` tinyint(1) NOT NULL,
  `expires_at` datetime DEFAULT NULL
) ENGINE=InnoDB DEFAULT CHARSET=utf8mb4 COLLATE=utf8mb4_unicode_ci;

-- --------------------------------------------------------

--
-- Table structure for table `password_reset_tokens`
--

CREATE TABLE `password_reset_tokens` (
  `email` varchar(255) COLLATE utf8mb4_unicode_ci NOT NULL,
  `token` varchar(255) COLLATE utf8mb4_unicode_ci NOT NULL,
  `created_at` timestamp NULL DEFAULT NULL
) ENGINE=InnoDB DEFAULT CHARSET=utf8mb4 COLLATE=utf8mb4_unicode_ci;

-- --------------------------------------------------------

--
-- Table structure for table `personal_access_tokens`
--

CREATE TABLE `personal_access_tokens` (
  `id` bigint UNSIGNED NOT NULL,
  `tokenable_type` varchar(255) COLLATE utf8mb4_unicode_ci NOT NULL,
  `tokenable_id` bigint UNSIGNED NOT NULL,
  `name` varchar(255) COLLATE utf8mb4_unicode_ci NOT NULL,
  `token` varchar(64) COLLATE utf8mb4_unicode_ci NOT NULL,
  `abilities` text COLLATE utf8mb4_unicode_ci,
  `last_used_at` timestamp NULL DEFAULT NULL,
  `expires_at` timestamp NULL DEFAULT NULL,
  `created_at` timestamp NULL DEFAULT NULL,
  `updated_at` timestamp NULL DEFAULT NULL
) ENGINE=InnoDB DEFAULT CHARSET=utf8mb4 COLLATE=utf8mb4_unicode_ci;

-- --------------------------------------------------------

--
-- Table structure for table `projects`
--

CREATE TABLE `projects` (
  `id` bigint UNSIGNED NOT NULL,
  `name` varchar(255) COLLATE utf8mb4_unicode_ci NOT NULL,
  `status` enum('pending','ongoing','completed') COLLATE utf8mb4_unicode_ci NOT NULL DEFAULT 'pending',
  `created_at` timestamp NULL DEFAULT NULL,
  `updated_at` timestamp NULL DEFAULT NULL
) ENGINE=InnoDB DEFAULT CHARSET=utf8mb4 COLLATE=utf8mb4_unicode_ci;

--
-- Dumping data for table `projects`
--

INSERT INTO `projects` (`id`, `name`, `status`, `created_at`, `updated_at`) VALUES
(1, 'ProjectA', 'pending', '2025-03-06 14:14:08', '2025-03-06 14:14:08'),
(2, 'CRM System', 'completed', '2025-03-06 14:14:08', '2025-03-06 14:14:08');

-- --------------------------------------------------------

--
-- Table structure for table `project_user`
--

CREATE TABLE `project_user` (
  `id` bigint UNSIGNED NOT NULL,
  `user_id` bigint UNSIGNED NOT NULL,
  `project_id` bigint UNSIGNED NOT NULL,
  `created_at` timestamp NULL DEFAULT NULL,
  `updated_at` timestamp NULL DEFAULT NULL
) ENGINE=InnoDB DEFAULT CHARSET=utf8mb4 COLLATE=utf8mb4_unicode_ci;

--
-- Dumping data for table `project_user`
--

INSERT INTO `project_user` (`id`, `user_id`, `project_id`, `created_at`, `updated_at`) VALUES
(1, 1, 1, '2025-03-06 14:14:08', '2025-03-06 14:14:08'),
(2, 1, 2, '2025-03-06 14:14:08', '2025-03-06 14:14:08'),
(3, 2, 1, '2025-03-06 14:14:08', '2025-03-06 14:14:08'),
(4, 2, 2, '2025-03-06 14:14:08', '2025-03-06 14:14:08');

-- --------------------------------------------------------

--
-- Table structure for table `sessions`
--

CREATE TABLE `sessions` (
  `id` varchar(255) COLLATE utf8mb4_unicode_ci NOT NULL,
  `user_id` bigint UNSIGNED DEFAULT NULL,
  `ip_address` varchar(45) COLLATE utf8mb4_unicode_ci DEFAULT NULL,
  `user_agent` text COLLATE utf8mb4_unicode_ci,
  `payload` longtext COLLATE utf8mb4_unicode_ci NOT NULL,
  `last_activity` int NOT NULL
) ENGINE=InnoDB DEFAULT CHARSET=utf8mb4 COLLATE=utf8mb4_unicode_ci;

-- --------------------------------------------------------

--
-- Table structure for table `timesheets`
--

CREATE TABLE `timesheets` (
  `id` bigint UNSIGNED NOT NULL,
  `user_id` bigint UNSIGNED NOT NULL,
  `project_id` bigint UNSIGNED NOT NULL,
  `task_name` varchar(255) COLLATE utf8mb4_unicode_ci NOT NULL,
  `date` date NOT NULL,
  `hours` int NOT NULL,
  `created_at` timestamp NULL DEFAULT NULL,
  `updated_at` timestamp NULL DEFAULT NULL
) ENGINE=InnoDB DEFAULT CHARSET=utf8mb4 COLLATE=utf8mb4_unicode_ci;

--
-- Dumping data for table `timesheets`
--

INSERT INTO `timesheets` (`id`, `user_id`, `project_id`, `task_name`, `date`, `hours`, `created_at`, `updated_at`) VALUES
(1, 1, 1, 'Develop login system', '2025-03-06', 5, '2025-03-06 14:14:08', '2025-03-06 14:14:08'),
(2, 2, 2, 'Fix dashboard UI', '2025-03-06', 3, '2025-03-06 14:14:08', '2025-03-06 14:14:08');

-- --------------------------------------------------------

--
-- Table structure for table `users`
--

CREATE TABLE `users` (
  `id` bigint UNSIGNED NOT NULL,
  `first_name` varchar(255) COLLATE utf8mb4_unicode_ci NOT NULL,
  `last_name` varchar(255) COLLATE utf8mb4_unicode_ci NOT NULL,
  `email` varchar(255) COLLATE utf8mb4_unicode_ci NOT NULL,
  `email_verified_at` timestamp NULL DEFAULT NULL,
  `password` varchar(255) COLLATE utf8mb4_unicode_ci NOT NULL,
  `remember_token` varchar(100) COLLATE utf8mb4_unicode_ci DEFAULT NULL,
  `created_at` timestamp NULL DEFAULT NULL,
  `updated_at` timestamp NULL DEFAULT NULL
) ENGINE=InnoDB DEFAULT CHARSET=utf8mb4 COLLATE=utf8mb4_unicode_ci;

--
-- Dumping data for table `users`
--

INSERT INTO `users` (`id`, `first_name`, `last_name`, `email`, `email_verified_at`, `password`, `remember_token`, `created_at`, `updated_at`) VALUES
(1, 'Shaikh', 'Abbas', 'abbas@example.com', NULL, '$2y$12$gJ5MhTU4URrAZl.51s0Sye23211SGeEVz4s9DCJkCGhWECrXJEH5S', NULL, '2025-03-06 14:14:08', '2025-03-06 14:14:08'),
(2, 'Jane', 'Smith', 'jane.smith@example.com', NULL, '$2y$12$nCK.3w5m6swhd85a9owAueFzcjrVD4AW0rCTHTjuyrbjuLh2tUd1a', NULL, '2025-03-06 14:14:08', '2025-03-06 14:14:08');

--
-- Indexes for dumped tables
--

--
-- Indexes for table `attributes`
--
ALTER TABLE `attributes`
  ADD PRIMARY KEY (`id`),
  ADD UNIQUE KEY `attributes_name_unique` (`name`);

--
-- Indexes for table `attribute_values`
--
ALTER TABLE `attribute_values`
  ADD PRIMARY KEY (`id`),
  ADD KEY `attribute_values_attribute_id_foreign` (`attribute_id`),
  ADD KEY `attribute_values_project_id_foreign` (`project_id`);

--
-- Indexes for table `cache`
--
ALTER TABLE `cache`
  ADD PRIMARY KEY (`key`);

--
-- Indexes for table `cache_locks`
--
ALTER TABLE `cache_locks`
  ADD PRIMARY KEY (`key`);

--
-- Indexes for table `failed_jobs`
--
ALTER TABLE `failed_jobs`
  ADD PRIMARY KEY (`id`),
  ADD UNIQUE KEY `failed_jobs_uuid_unique` (`uuid`);

--
-- Indexes for table `jobs`
--
ALTER TABLE `jobs`
  ADD PRIMARY KEY (`id`),
  ADD KEY `jobs_queue_index` (`queue`);

--
-- Indexes for table `job_batches`
--
ALTER TABLE `job_batches`
  ADD PRIMARY KEY (`id`);

--
-- Indexes for table `migrations`
--
ALTER TABLE `migrations`
  ADD PRIMARY KEY (`id`);

--
-- Indexes for table `oauth_access_tokens`
--
ALTER TABLE `oauth_access_tokens`
  ADD PRIMARY KEY (`id`),
  ADD KEY `oauth_access_tokens_user_id_index` (`user_id`);

--
-- Indexes for table `oauth_auth_codes`
--
ALTER TABLE `oauth_auth_codes`
  ADD PRIMARY KEY (`id`),
  ADD KEY `oauth_auth_codes_user_id_index` (`user_id`);

--
-- Indexes for table `oauth_clients`
--
ALTER TABLE `oauth_clients`
  ADD PRIMARY KEY (`id`),
  ADD KEY `oauth_clients_user_id_index` (`user_id`);

--
-- Indexes for table `oauth_personal_access_clients`
--
ALTER TABLE `oauth_personal_access_clients`
  ADD PRIMARY KEY (`id`);

--
-- Indexes for table `oauth_refresh_tokens`
--
ALTER TABLE `oauth_refresh_tokens`
  ADD PRIMARY KEY (`id`),
  ADD KEY `oauth_refresh_tokens_access_token_id_index` (`access_token_id`);

--
-- Indexes for table `password_reset_tokens`
--
ALTER TABLE `password_reset_tokens`
  ADD PRIMARY KEY (`email`);

--
-- Indexes for table `personal_access_tokens`
--
ALTER TABLE `personal_access_tokens`
  ADD PRIMARY KEY (`id`),
  ADD UNIQUE KEY `personal_access_tokens_token_unique` (`token`),
  ADD KEY `personal_access_tokens_tokenable_type_tokenable_id_index` (`tokenable_type`,`tokenable_id`);

--
-- Indexes for table `projects`
--
ALTER TABLE `projects`
  ADD PRIMARY KEY (`id`);

--
-- Indexes for table `project_user`
--
ALTER TABLE `project_user`
  ADD PRIMARY KEY (`id`),
  ADD KEY `project_user_user_id_foreign` (`user_id`),
  ADD KEY `project_user_project_id_foreign` (`project_id`);

--
-- Indexes for table `sessions`
--
ALTER TABLE `sessions`
  ADD PRIMARY KEY (`id`),
  ADD KEY `sessions_user_id_index` (`user_id`),
  ADD KEY `sessions_last_activity_index` (`last_activity`);

--
-- Indexes for table `timesheets`
--
ALTER TABLE `timesheets`
  ADD PRIMARY KEY (`id`),
  ADD KEY `timesheets_user_id_foreign` (`user_id`),
  ADD KEY `timesheets_project_id_foreign` (`project_id`);

--
-- Indexes for table `users`
--
ALTER TABLE `users`
  ADD PRIMARY KEY (`id`),
  ADD UNIQUE KEY `users_email_unique` (`email`);

--
-- AUTO_INCREMENT for dumped tables
--

--
-- AUTO_INCREMENT for table `attributes`
--
ALTER TABLE `attributes`
  MODIFY `id` bigint UNSIGNED NOT NULL AUTO_INCREMENT, AUTO_INCREMENT=4;

--
-- AUTO_INCREMENT for table `attribute_values`
--
ALTER TABLE `attribute_values`
  MODIFY `id` bigint UNSIGNED NOT NULL AUTO_INCREMENT, AUTO_INCREMENT=4;

--
-- AUTO_INCREMENT for table `failed_jobs`
--
ALTER TABLE `failed_jobs`
  MODIFY `id` bigint UNSIGNED NOT NULL AUTO_INCREMENT;

--
-- AUTO_INCREMENT for table `jobs`
--
ALTER TABLE `jobs`
  MODIFY `id` bigint UNSIGNED NOT NULL AUTO_INCREMENT;

--
-- AUTO_INCREMENT for table `migrations`
--
ALTER TABLE `migrations`
  MODIFY `id` int UNSIGNED NOT NULL AUTO_INCREMENT, AUTO_INCREMENT=15;

--
-- AUTO_INCREMENT for table `oauth_clients`
--
ALTER TABLE `oauth_clients`
  MODIFY `id` bigint UNSIGNED NOT NULL AUTO_INCREMENT;

--
-- AUTO_INCREMENT for table `oauth_personal_access_clients`
--
ALTER TABLE `oauth_personal_access_clients`
  MODIFY `id` bigint UNSIGNED NOT NULL AUTO_INCREMENT;

--
-- AUTO_INCREMENT for table `personal_access_tokens`
--
ALTER TABLE `personal_access_tokens`
  MODIFY `id` bigint UNSIGNED NOT NULL AUTO_INCREMENT;

--
-- AUTO_INCREMENT for table `projects`
--
ALTER TABLE `projects`
  MODIFY `id` bigint UNSIGNED NOT NULL AUTO_INCREMENT, AUTO_INCREMENT=3;

--
-- AUTO_INCREMENT for table `project_user`
--
ALTER TABLE `project_user`
  MODIFY `id` bigint UNSIGNED NOT NULL AUTO_INCREMENT, AUTO_INCREMENT=5;

--
-- AUTO_INCREMENT for table `timesheets`
--
ALTER TABLE `timesheets`
  MODIFY `id` bigint UNSIGNED NOT NULL AUTO_INCREMENT, AUTO_INCREMENT=3;

--
-- AUTO_INCREMENT for table `users`
--
ALTER TABLE `users`
  MODIFY `id` bigint UNSIGNED NOT NULL AUTO_INCREMENT, AUTO_INCREMENT=3;

--
-- Constraints for dumped tables
--

--
-- Constraints for table `attribute_values`
--
ALTER TABLE `attribute_values`
  ADD CONSTRAINT `attribute_values_attribute_id_foreign` FOREIGN KEY (`attribute_id`) REFERENCES `attributes` (`id`) ON DELETE CASCADE,
  ADD CONSTRAINT `attribute_values_project_id_foreign` FOREIGN KEY (`project_id`) REFERENCES `projects` (`id`) ON DELETE CASCADE;

--
-- Constraints for table `project_user`
--
ALTER TABLE `project_user`
  ADD CONSTRAINT `project_user_project_id_foreign` FOREIGN KEY (`project_id`) REFERENCES `projects` (`id`) ON DELETE CASCADE,
  ADD CONSTRAINT `project_user_user_id_foreign` FOREIGN KEY (`user_id`) REFERENCES `users` (`id`) ON DELETE CASCADE;

--
-- Constraints for table `timesheets`
--
ALTER TABLE `timesheets`
  ADD CONSTRAINT `timesheets_project_id_foreign` FOREIGN KEY (`project_id`) REFERENCES `projects` (`id`) ON DELETE CASCADE,
  ADD CONSTRAINT `timesheets_user_id_foreign` FOREIGN KEY (`user_id`) REFERENCES `users` (`id`) ON DELETE CASCADE;
COMMIT;

/*!40101 SET CHARACTER_SET_CLIENT=@OLD_CHARACTER_SET_CLIENT */;
/*!40101 SET CHARACTER_SET_RESULTS=@OLD_CHARACTER_SET_RESULTS */;
/*!40101 SET COLLATION_CONNECTION=@OLD_COLLATION_CONNECTION */;
